{"accuracy": [0.7085134983062744, 0.8258220553398132, 0.8569594621658325, 0.8734684586524963, 0.8848198056221008], "loss": [1.032017469406128, 0.5947743654251099, 0.479058176279068, 0.4163341820240021, 0.3753412663936615], "val_accuracy": [0.788716197013855, 0.8263513445854187, 0.8438513278961182, 0.8516891598701477, 0.8581081032752991], "val_loss": [0.7277272343635559, 0.5752457976341248, 0.5090397596359253, 0.47113072872161865, 0.4501259922981262]}
