{"accuracy": [0.07263513654470444, 0.2566964328289032, 0.3577008843421936, 0.4724099040031433, 0.542792797088623, 0.6114864945411682, 0.66796875], "loss": [4.286139488220215, 3.4368703365325928, 3.0029754638671875, 2.654351234436035, 2.363643169403076, 2.1247329711914062, 1.9077669382095337], "val_accuracy": [0.030241934582591057, 0.02734375, 0.026209676638245583, 0.03515625, 0.02734375, 0.015625, 0.015625], "val_loss": [4.324732780456543, 4.298737049102783, 4.305004596710205, 4.416750907897949, 4.500768661499023, 4.615220069885254, 4.700235843658447]}